[{"id":7,"folderId":1,"title":"L-spine MRI reveals significant disc herniation and stenosis at multiple levels.","tags":"[\"2021\",\"herniation\",\"MRI\",\"stenosis\"]","description":"A 38-year-old female with chronic right S1 radiculopathy underwent an L-spine MRI, which revealed a large, right paracentral, inferiorly migrated polypoid central disc herniation at L5-S1, causing severe thecal sac effacement and central canal stenosis. Additional findings include broad-based disc protrusions at L4-L5 and L3-L4, contributing to central canal stenosis.","type":"L-spine MRI","json":"[{\"title\":\"L-spine MRI reveals significant disc herniation and stenosis at multiple levels.\",\"summary\":\"A 38-year-old female with chronic right S1 radiculopathy underwent an L-spine MRI, which revealed a large, right paracentral, inferiorly migrated polypoid central disc herniation at L5-S1, causing severe thecal sac effacement and central canal stenosis. Additional findings include broad-based disc protrusions at L4-L5 and L3-L4, contributing to central canal stenosis.\",\"tags\":[\"MRI\",\"herniation\",\"stenosis\",\"2021\"],\"type\":\"radiology_results\",\"subtype\":\"L-spine MRI\",\"language\":\"English\",\"test_date\":\"2021-03-23T00:00:00Z\",\"findings\":[{\"name\":\"Lumbar lordosis and alignment\",\"value\":\"Preserved\"},{\"name\":\"Vertebral bodies\",\"value\":\"Normal in height and configuration\"},{\"name\":\"Modic type I changes\",\"value\":\"Prominent at L5-S1 interspace\"},{\"name\":\"Disc height loss\",\"value\":\"Greater than 50% at L5-S1\"},{\"name\":\"Disc desiccation\",\"value\":\"All 3 disks of the L3-S1 segment are predominantly desiccated\"},{\"name\":\"L5-S1\",\"value\":\"Large, polypoid inferiorly migrated disc herniation, 15 mm annulus disruption, 12.2 mm posterior extrusion, 2.2 cm inferior migration, 60% sac compromise, 40% central canal cross-section effacement, severe central canal and focal right lateral recess stenoses, bilateral foraminal stenoses\"},{\"name\":\"L4-L5\",\"value\":\"Broad-based midline, subligamentous disc protrusion, borderline central canal stenosis\"},{\"name\":\"L3-L4\",\"value\":\"Moderate circumferential annular bulge, superimposed mild disc protrusion, mild central canal stenosis\"},{\"name\":\"Conus\",\"value\":\"Normal in size and configuration, oriented with its tip at T12-L1 interspace\"},{\"name\":\"Cauda equina nerve roots\",\"value\":\"Thin and straight, no evidence of distortion or adhesion\"},{\"name\":\"Prevertebral soft tissues and psoas-paraspinal musculature\",\"value\":\"Symmetrically normal in caliber and signal\"}],\"conclusion\":\"1. At the L5-S1 level, there is a large, right paracentral, inferiorly migrated polypoid central disc herniation resulting in severe partial thecal sac effacement and central canal stenosis. 2. At the L4-L5 and L3-L4 levels, broad-based, midline, subligamentous disc protrusions are noted resulting in borderline central canal stenoses.\"}]","text":"# DIKENGIL RADIOLOGY ASSOCIATES\nDikengilRadiologyAssociates.com | 201-725-0913\n\n**Phil Referrer, M. D.**  \n0 Maywood Ave.  \nMaywood, NJ 00000\n\n**RE:** Jane, Mary; 38 F  \n**Acct #:** 000006  \n**DOB:** 00/00/1983  \n**Study:** L-spine MRI  \n**DOS:** 03/23/2021\n\n---\n\n### Clinical History:\n38 year old female presenting with chronic right S1 radiculopathy.\n\n### Technique:\nAcquired on 1.5T System  \n1. Sagittal: T1, T2, STIR  \n2. Axial: T1, T2\n\n### Findings:\n- **Lumbar lordosis and alignment:** Preserved.\n- **Vertebral bodies:** Normal in height and configuration.\n- **Modic type I changes:** Prominent, discogenic Modic type I changes border the L5-S1 interspace.\n- **Background marrow:** Reveals diminished fat signal characterizing red marrow reconversion.\n- **Disc height loss:** Greater than 50% loss of disc height at L5-S1.\n- **Disc desiccation:** All 3 disks of the L3-S1 segment are predominantly desiccated.\n\n#### Analysis by axial levels:\n- **L5-S1:** There is a large, polypoid inferiorly migrated disc herniation. This extrudes inferoposteriorly in the right parasagittal plane. Disruption of the annulus is estimated at 15 mm at its base. There is 12.2 mm posterior extrusion with approximately 2.2 cm inferior migration. The extruded disc markedly invaginates the right anterior quadrant of the thecal sac with 60% compromise of sac and occupying 40% of the central canal cross section effacement of the overall central canal parameters. There are severe central canal and focal right lateral recess stenoses. There are also severe bilateral foraminal stenoses, right greater than left.\n- **L4-L5:** There is broad-based midline, subligamentous disc protrusion associated with degenerative facet, capsule and ligamentum flavum hypertrophy, resulting in borderline central canal stenosis.\n- **L3-L4:** There is moderate circumferential annular bulge with superimposed mild disc protrusion against a background of similar degenerative hypertrophy of the posterior elements contributing to mild central canal stenosis.\n\nThe conus is normal in size and configuration and oriented with its tip at the T12-L1 interspace. Cauda equina nerve roots are thin and straight revealing no evidence of distortion or adhesion. The prevertebral soft tissues, and psoas-paraspinal musculature are symmetrically normal in caliber and signal.\n\n### Conclusion:\n1. At the L5-S1 level there is a large, right paracentral, inferiorly migrated polypoid central disc herniation resulting in severe partial thecal sac effacement and central canal stenosis, as detailed above.\n2. At the L4-L5 and L3-L4 levels broad-based, midline, subligamentous disc protrusions are noted resulting in borderline central canal stenoses.\n\n---\n\n**Asim G Dikengil, M. D.**  \n**DD:** 03/23/2021 **DT:** 03/23/2021\n\n---\n\n*This information is confidential and if you have received this email/fax in error please contact us immediately at 201-725-0913.*","extra":"null","transcription":"","createdAt":"2024-09-04 16:00:46","updatedAt":"2024-09-04 16:00:46","eventDate":"2021-03-23 01:00:00","checksum":"record-68a430d6b808def0331352ab72efb7ab80f1b03b95237fe03e4f0aaa65a9f47f-","checksumLastParsed":"record-68a430d6b808def0331352ab72efb7ab80f1b03b95237fe03e4f0aaa65a9f47f-","attachments":"[{\"id\":6,\"assignedTo\":\"[{\\\"id\\\":6,\\\"type\\\":\\\"record\\\"},{\\\"id\\\":1,\\\"type\\\":\\\"folder\\\"}]\",\"displayName\":\"Example - Spine MRI SCan.pdf\",\"description\":\"\",\"mimeType\":\"application/pdf\",\"type\":\"\",\"json\":\"\",\"extra\":\"\",\"size\":847371,\"storageKey\":\"6d03dac4-a288-4e2f-8b2b-d0ddbd88417c\",\"filePath\":\"2021-03-23 01-00-00 - L-spine MRI reveals significant disc herniation and stenosis at multiple level/Example - Spine MRI SCan-6.pdf\",\"createdAt\":\"2024-09-02 08:36:31\",\"updatedAt\":\"2024-09-02 08:36:31\"}]"},{"id":8,"folderId":1,"title":"MRI and MRS report indicating temporal lobe atrophy and normal frontal grey matter.","tags":"[\"2002\",\"MRI\",\"MRS\"]","description":"MRI shows temporal lobe atrophy, and MRS indicates decreased NAA and increased mI consistent with Alzheimer's Disease (AD). However, frontal grey matter is normal, and the diagnosis is reinforced by findings using an alternate MRS technique.","type":"MRI_MRS","json":"[{\"title\":\"MRI and MRS report indicating temporal lobe atrophy and normal frontal grey matter.\",\"summary\":\"MRI shows temporal lobe atrophy, and MRS indicates decreased NAA and increased mI consistent with Alzheimer's Disease (AD). However, frontal grey matter is normal, and the diagnosis is reinforced by findings using an alternate MRS technique.\",\"tags\":[\"MRI\",\"MRS\",\"2002\"],\"type\":\"imaging_results\",\"subtype\":\"MRI_MRS\",\"language\":\"en\",\"test_date\":\"2002-04-03\",\"findings\":[{\"name\":\"Frontal grey matter NAA\",\"value\":\"1.32\",\"unit\":\"ratio to creatine\"},{\"name\":\"Frontal grey matter Cho\",\"value\":\"0.87\",\"unit\":\"ratio to creatine\"},{\"name\":\"Frontal grey matter mI\",\"value\":\"0.74\",\"unit\":\"ratio to creatine\"},{\"name\":\"Frontal grey matter α-Glx\",\"value\":\"0.72\",\"unit\":\"ratio to creatine\"},{\"name\":\"Post cingulate gyrus NAA\",\"value\":\"1.03\",\"unit\":\"ratio to creatine\"},{\"name\":\"Post cingulate gyrus Cho\",\"value\":\"0.75\",\"unit\":\"ratio to creatine\"},{\"name\":\"Post cingulate gyrus mI\",\"value\":\"0.71\",\"unit\":\"ratio to creatine\"},{\"name\":\"Post cingulate gyrus α-Glx\",\"value\":\"0.63\",\"unit\":\"ratio to creatine\"}],\"diagnosis\":[{\"name\":\"Temporal lobe atrophy\",\"type\":\"MRI\"},{\"name\":\"Frontal grey matter normal\",\"type\":\"MRS\"},{\"name\":\"Alzheimer's Disease\",\"type\":\"MRS\"}],\"conclusion\":\"MRI shows temporal lobe atrophy. MRS indicates decreased NAA and increased mI consistent with Alzheimer's Disease. Frontal grey matter is normal.\",\"admission_date\":null,\"discharge_date\":null}]","text":"# Clinical Spectroscopy Report\n\n**Patient:** [REDACTED]  \n**Age:** [REDACTED]  \n**DOB:** [REDACTED]  \n**Sex:** [REDACTED]  \n**Exam Type:** MRI and 1H MRS  \n**Exam Date:** [REDACTED]  \n**Program:** Dementia  \n**Sub Program:** [REDACTED]  \n**Previous MRS Exams:** 1\n\n## Clinical Indications\nMemory loss for 2 years. MRI shows temporal lobe atrophy. MRS shows decreased NAA and increased mI consistent with AD. However, the patient has diabetes mellitus, and Dr. [REDACTED] suspects frontal lobe dementia.\n\n## MRI Technique\n- **T2 Axial, FLAIR**\n- **Voxel:** (1) Frontal grey matter, (2) Post cingulate gyrus\n\n## MRS Technique\n- **TE 35; PROBE SV**\n\n## MRI Results\nAs reported. New voxel located in anterior cingulate gyrus grey matter as defined for FLD diagnosis.\n\n## MRS Results\n**Location 1 (volume of interest): Frontal grey matter**  \n- **Patient NAA:** 1.32  \n- **Normal NAA:** 1.38  \n- **Patient Cho:** 0.87  \n- **Normal Cho:** 0.87  \n- **Patient mI:** 0.74  \n- **Normal mI:** 0.72  \n- **Patient α-Glx:** [REDACTED]  \n- **Normal α-Glx:** [REDACTED]  \n- **Patient β,γ-Glx:** [REDACTED]  \n- **Normal β,γ-Glx:** [REDACTED]\n\n**PRESS TE 35; 8 cm3**  \nExcellent technical quality apart from small extra-axial lipid peak of no diagnostic significance. GE-machine values given showing no reduction of NAA and no increase of mI. This makes FLD an unlikely contributor to the dementia.\n\n**Location 2 (volume of interest): Post cingulate gyrus**  \n- **Patient NAA:** 1.03  \n- **Normal NAA:** 1.40  \n- **Patient Cho:** 0.75  \n- **Normal Cho:** 0.66  \n- **Patient mI:** 0.71  \n- **Normal mI:** 0.63  \n- **Patient α-Glx:** [REDACTED]  \n- **Normal α-Glx:** [REDACTED]  \n- **Patient β,γ-Glx:** [REDACTED]  \n- **Normal β,γ-Glx:** [REDACTED]\n\n**STEAM 30 ms; 8 cm3**  \nExcellent technical result using alternate PROBE-STEAM 30 ms TE. NAA/Cr is reduced by 30%; mI/Cr is increased by 12%. Cho/Cr is slightly above normal. Brain glucose is higher today than 4/3/02. Confirms AD diagnosis performed on 4/3/02 using PRESS technique.\n\n## Impression\n1. A further series of spectra were acquired to optimize Alzheimer diagnostic parameters. Not of further diagnostic importance.\n2. MRI: Previously reported temporal lobe atrophy.\n3. MRS: \n   - (1) Frontal grey matter is NORMAL.\n   - (2) Alzheimer diagnosis is reinforced by findings using an alternate MRS technique (STEAM).\n   - (3) Elevated brain glucose (blood not sampled).\n\nThank you for referring this patient.\n\n**Physician:** Brian D. Ross, M.D., Ph.D.  \n**Date:** [REDACTED]  \n**MM:** [REDACTED]  \n**dd:** [REDACTED]  \n**dt:** [REDACTED]","extra":"null","transcription":"","createdAt":"2024-09-04 16:00:49","updatedAt":"2024-09-04 16:00:49","eventDate":"2002-04-03 02:00:00","checksum":"record-4a86900baec5a61c11e01027456cd088d5f2fcb7924c0544c614edb56a62a23d-","checksumLastParsed":"record-4a86900baec5a61c11e01027456cd088d5f2fcb7924c0544c614edb56a62a23d-","attachments":"[{\"id\":7,\"assignedTo\":\"[{\\\"id\\\":7,\\\"type\\\":\\\"record\\\"},{\\\"id\\\":1,\\\"type\\\":\\\"folder\\\"}]\",\"displayName\":\"Example - MRI Other type.png\",\"description\":\"\",\"mimeType\":\"image/png\",\"type\":\"\",\"json\":\"\",\"extra\":\"\",\"size\":479471,\"storageKey\":\"ea7e2786-9198-40b9-8a20-4bc2956542f8\",\"filePath\":\"2002-04-03 02-00-00 - MRI and MRS report indicating temporal lobe atrophy and normal frontal grey ma/Example - MRI Other type-7.png\",\"createdAt\":\"2024-09-02 08:36:31\",\"updatedAt\":\"2024-09-02 08:36:31\"}]"},{"id":9,"folderId":1,"title":"Brain MRI reveals Chiari I malformation with 10 mm descent of cerebellar tonsils.","tags":"[\"2021\",\"Chiari\",\"MRI\"]","description":"A 55-year-old female with intermittent, positional headaches underwent a brain MRI, which revealed a Chiari I malformation with a 10 mm descent of the cerebellar tonsils.","type":"brain_mri","json":"[{\"title\":\"Brain MRI reveals Chiari I malformation with 10 mm descent of cerebellar tonsils.\",\"summary\":\"A 55-year-old female with intermittent, positional headaches underwent a brain MRI, which revealed a Chiari I malformation with a 10 mm descent of the cerebellar tonsils.\",\"tags\":[\"Chiari\",\"MRI\",\"2021\"],\"type\":\"imaging\",\"subtype\":\"brain_mri\",\"language\":\"en\",\"test_date\":\"2021-04-29T00:00:00Z\",\"admission_date\":null,\"discharge_date\":null,\"conclusion\":\"Chiari I malformation with 10 mm descent of cerebellar tonsils.\",\"diagnosis\":[{\"name\":\"Chiari I malformation\",\"details\":\"10 mm descent of cerebellar tonsils\"}],\"findings\":[{\"name\":\"Ventricles\",\"value\":\"Normal in volume and configuration with intact symmetry\"},{\"name\":\"Diffusion\",\"value\":\"No diffusion signal abnormality\"},{\"name\":\"Gradient echo sequence\",\"value\":\"No evidence of susceptibility related intra-axial signal dropoff or blooming artifact\"},{\"name\":\"Gray-white matter\",\"value\":\"Normal signal intensities and interface\"},{\"name\":\"Intra-axial mass lesion\",\"value\":\"No evidence\"},{\"name\":\"Extra-axial mass lesion\",\"value\":\"No evidence\"},{\"name\":\"Infarct\",\"value\":\"No evidence\"},{\"name\":\"Premature iron deposition\",\"value\":\"No evidence\"},{\"name\":\"Abnormal hemosiderin collection\",\"value\":\"No evidence\"},{\"name\":\"Posterior fossa\",\"value\":\"Pointed descent of cerebellar tonsils with 10 mm inferior migration below foramen magnum\"},{\"name\":\"Chiari I malformation\",\"value\":\"Moderately advanced, likely symptomatic\"},{\"name\":\"Foramen magnum\",\"value\":\"Moderate crowding\"},{\"name\":\"Cerebellar hemispheres\",\"value\":\"No additional morphologic or signal abnormality\"},{\"name\":\"Brain stem structures\",\"value\":\"No additional morphologic or signal abnormality\"},{\"name\":\"Cisternal-intracanalicular segments of CN7/8\",\"value\":\"Unremarkable\"},{\"name\":\"Extra-axial fluid collections\",\"value\":\"No abnormal collections except mildly prominent CSF signal intensity empty sella and prominent midline superior vermian cistern\"},{\"name\":\"Calvarium\",\"value\":\"Unremarkable\"},{\"name\":\"Skull base\",\"value\":\"Unremarkable\"},{\"name\":\"Visualized paranasal sinuses\",\"value\":\"Unremarkable\"}]}]","text":"# DIKENGIL RADIOLOGY ASSOCIATES\nDikengilRadiologyAssociates.com | 201-725-0913\n\n**Phil Referrer, M. D.**  \n0 Maywood Ave.  \nMaywood, NJ 00000\n\n**RE: Jane, Mary; 55 F**  \nAcct #: 000002  \nDOB: 00/00/1966  \nStudy: Brain MRI  \nDOS: 04/29/2021\n\n---\n\n### Clinical History:\n55 year old female with intermittent, positional headaches.\n\n### Technique:\nNoncontrast MRI of the brain was performed in the three orthogonal planes utilizing T1/T2/T2 FLAIR/T2* GRE/Diffusion-ADC sequences.\n\n### Findings:\n- The lateral, third and fourth ventricles are normal in volume and configuration with intact symmetry.\n- There is no diffusion signal abnormality. The gradient echo sequence reveals no evidence of susceptibility related intra-axial signal dropoff or blooming artifact.\n- The gray–white matter signal intensities and interface are normal. There is no evidence of intra-or extra-axial mass lesion. There is no evidence of infarct, premature iron deposition or abnormal hemosiderin collection.\n- Posterior fossa sections reveal pointed descent of the cerebellar tonsils with estimated 10 mm inferior migration below the foramen magnum (McRae line) characterizing a moderately advanced Chiari I malformation likely to be symptomatic at this degree. There is moderate crowding of the foramen magnum. There is no additional morphologic or signal abnormality of the cerebellar hemispheres or the brain stem structures. Cisternal–intracanalicular segments of CN7/8 are unremarkable.\n- There are no abnormal extra-axial fluid collections except for a mildly prominent CSF signal intensity empty sella and prominent midline superior vermian cistern.\n- Calvarium, skull base and the visualized paranasal sinuses are unremarkable.\n\n---\n\n### Conclusion:\nChiari I malformation with 10 mm descent of cerebellar tonsils.\n\n---\n\n**Asim G Dikengil, M. D.**  \nDD: 04/29/2021 DT: 04/29/2021\n\n---\n\nThis information is confidential and if you have received this email/fax in error please contact us immediately at 201-725-0913.","extra":"[{\"type\":\"interpretation\",\"value\":\"The most important finding in the health result data is the diagnosis of **Chiari I malformation** with a **10 mm descent of the cerebellar tonsils**. This condition is significant because it can lead to various neurological symptoms, including headaches, dizziness, and in severe cases, more serious complications such as syringomyelia or hydrocephalus.\\n\\n### Key Findings:\\n- **Chiari I Malformation**: The MRI reveals a moderately advanced Chiari I malformation, which is likely symptomatic given the 10 mm descent of the cerebellar tonsils below the foramen magnum. This is a critical finding as it suggests that the patient may be experiencing symptoms related to this condition.\\n- **Posterior Fossa**: The report notes a pointed descent of the cerebellar tonsils with 10 mm inferior migration below the foramen magnum, which is consistent with the diagnosis of Chiari I malformation.\\n- **Foramen Magnum**: There is moderate crowding at the foramen magnum, which could contribute to the symptoms and may require further evaluation or intervention.\\n\\n### Normal Findings:\\n- **Ventricles**: Normal in volume and configuration with intact symmetry.\\n- **Diffusion**: No diffusion signal abnormality.\\n- **Gray-white matter**: Normal signal intensities and interface.\\n- **Intra-axial and Extra-axial Mass Lesions**: No evidence of mass lesions.\\n- **Infarct, Premature Iron Deposition, Abnormal Hemosiderin Collection**: No evidence of these abnormalities.\\n- **Cerebellar Hemispheres and Brain Stem Structures**: No additional morphologic or signal abnormality.\\n- **Cisternal-intracanalicular segments of CN7/8, Calvarium, Skull Base, Visualized Paranasal Sinuses**: All unremarkable.\\n\\n### Important Exceptions from the Norm:\\n- **Chiari I Malformation**: The 10 mm descent of the cerebellar tonsils is a significant deviation from the norm and is the primary abnormal finding in this MRI.\\n- **Moderate Crowding at the Foramen Magnum**: This is another important exception that could be contributing to the patient's symptoms.\\n\\n### Possible Implications:\\n- The Chiari I malformation with a 10 mm descent of the cerebellar tonsils could be the cause of the patient's intermittent, positional headaches. This condition may also lead to other neurological symptoms and could potentially require surgical intervention if symptoms are severe or progressive.\\n\\n### Recommendations:\\n- **Neurological Evaluation**: A thorough neurological evaluation is recommended to assess the severity of symptoms and to determine the need for further intervention.\\n- **Follow-up Imaging**: Depending on the clinical presentation, follow-up imaging may be necessary to monitor the progression of the Chiari I malformation.\\n- **Consideration of Surgical Consultation**: If the patient’s symptoms are severe or worsening, a consultation with a neurosurgeon may be warranted to discuss potential surgical options, such as posterior fossa decompression.\\n\\nIn summary, the most critical finding is the Chiari I malformation with a 10 mm descent of the cerebellar tonsils, which is likely symptomatic and may require further medical or surgical management.\"}]","transcription":"","createdAt":"2024-09-05 15:46:44","updatedAt":"2024-09-05 15:46:44","eventDate":"2021-04-29 02:00:00","checksum":"record-81c28ebcefc780095a7eaf7996413b3440f7fcc894ea011d6bf448e3cb607b63-","checksumLastParsed":"record-81c28ebcefc780095a7eaf7996413b3440f7fcc894ea011d6bf448e3cb607b63-","attachments":"[{\"id\":5,\"assignedTo\":\"[{\\\"id\\\":8,\\\"type\\\":\\\"record\\\"},{\\\"id\\\":1,\\\"type\\\":\\\"folder\\\"}]\",\"displayName\":\"Example - MRI Brain Scan.pdf\",\"description\":\"\",\"mimeType\":\"application/pdf\",\"type\":\"\",\"json\":\"\",\"extra\":\"\",\"size\":674102,\"storageKey\":\"4c7ea685-78ea-4aca-b4a6-942ad94db578\",\"filePath\":\"2021-04-29 02-00-00 - Brain MRI reveals Chiari I malformation with 10 mm descent of cerebellar tonsi/Example - MRI Brain Scan-5.pdf\",\"createdAt\":\"2024-09-02 08:36:31\",\"updatedAt\":\"2024-09-02 08:36:31\"}]"},{"id":18,"folderId":1,"title":"Complete Blood Count (CBC) Test","tags":"[\"2023\",\"blood\",\"CBC\",\"cholesterol\",\"diabetes\",\"glucose\",\"HbA1c\",\"kidney\",\"lipid\",\"liver\",\"thyroid\",\"vitamin\"]","description":"The CBC test shows normal hemoglobin, RBC count, and leukocyte count, with slightly elevated MCHC and normal platelet count.","type":"complete_blood_count, liver_kidney_panel, lipid_screen, hba1c, glucose_thyroid, vitamin_b12_d","json":"[{\"title\":\"Complete Blood Count (CBC) Test\",\"summary\":\"The CBC test shows normal hemoglobin, RBC count, and leukocyte count, with slightly elevated MCHC and normal platelet count.\",\"tags\":[\"CBC\",\"blood\",\"2023\"],\"type\":\"blood_results\",\"subtype\":\"complete_blood_count\",\"language\":\"English\",\"test_date\":\"2023-05-14T11:03:00\",\"findings\":[{\"name\":\"Hemoglobin\",\"value\":\"15.00\",\"unit\":\"g/dL\",\"min\":\"13.00\",\"max\":\"17.00\"},{\"name\":\"Packed Cell Volume (PCV)\",\"value\":\"45.00\",\"unit\":\"%\",\"min\":\"40.00\",\"max\":\"50.00\"},{\"name\":\"RBC Count\",\"value\":\"4.50\",\"unit\":\"mill/mm3\",\"min\":\"4.50\",\"max\":\"5.50\"},{\"name\":\"MCV\",\"value\":\"90.00\",\"unit\":\"fL\",\"min\":\"83.00\",\"max\":\"101.00\"},{\"name\":\"MCH\",\"value\":\"32.00\",\"unit\":\"pg\",\"min\":\"27.00\",\"max\":\"32.00\"},{\"name\":\"MCHC\",\"value\":\"33.00\",\"unit\":\"g/dL\",\"min\":\"31.50\",\"max\":\"34.50\"},{\"name\":\"Red Cell Distribution Width (RDW)\",\"value\":\"14.00\",\"unit\":\"%\",\"min\":\"11.60\",\"max\":\"14.00\"},{\"name\":\"Total Leukocyte Count (TLC)\",\"value\":\"8.00\",\"unit\":\"thou/mm3\",\"min\":\"4.00\",\"max\":\"10.00\"},{\"name\":\"Segmented Neutrophils\",\"value\":\"60.00\",\"unit\":\"%\",\"min\":\"40.00\",\"max\":\"80.00\"},{\"name\":\"Lymphocytes\",\"value\":\"30.00\",\"unit\":\"%\",\"min\":\"20.00\",\"max\":\"40.00\"},{\"name\":\"Monocytes\",\"value\":\"5.00\",\"unit\":\"%\",\"min\":\"2.00\",\"max\":\"10.00\"},{\"name\":\"Eosinophils\",\"value\":\"5.00\",\"unit\":\"%\",\"min\":\"1.00\",\"max\":\"6.00\"},{\"name\":\"Basophils\",\"value\":\"0.00\",\"unit\":\"%\",\"min\":\"<2.00\"},{\"name\":\"Platelet Count\",\"value\":\"200\",\"unit\":\"thou/mm3\",\"min\":\"150.00\",\"max\":\"410.00\"},{\"name\":\"Mean Platelet Volume\",\"value\":\"10.0\",\"unit\":\"fL\",\"min\":\"6.5\",\"max\":\"12.0\"}]},{\"title\":\"Liver & Kidney Panel Test\",\"summary\":\"Liver and kidney function tests show normal creatinine, urea, and liver enzymes, with slightly elevated alkaline phosphatase.\",\"tags\":[\"liver\",\"kidney\",\"2023\"],\"type\":\"blood_results\",\"subtype\":\"liver_kidney_panel\",\"language\":\"English\",\"test_date\":\"2023-05-14T11:03:00\",\"findings\":[{\"name\":\"Creatinine\",\"value\":\"0.90\",\"unit\":\"mg/dL\",\"min\":\"0.70\",\"max\":\"1.30\"},{\"name\":\"GFR Estimated\",\"value\":\"118\",\"unit\":\"mL/min/1.73m2\",\"min\":\">59\"},{\"name\":\"GFR Category\",\"value\":\"G1\"},{\"name\":\"Urea\",\"value\":\"20.00\",\"unit\":\"mg/dL\",\"min\":\"13.00\",\"max\":\"43.00\"},{\"name\":\"Urea Nitrogen Blood\",\"value\":\"9.34\",\"unit\":\"mg/dL\",\"min\":\"6.00\",\"max\":\"20.00\"},{\"name\":\"BUN/Creatinine Ratio\",\"value\":\"10\"},{\"name\":\"Uric Acid\",\"value\":\"5.00\",\"unit\":\"mg/dL\",\"min\":\"3.50\",\"max\":\"7.20\"},{\"name\":\"AST (SGOT)\",\"value\":\"11.0\",\"unit\":\"U/L\",\"min\":\"15.00\",\"max\":\"40.00\"},{\"name\":\"ALT (SGPT)\",\"value\":\"21.0\",\"unit\":\"U/L\",\"min\":\"10.00\",\"max\":\"49.00\"},{\"name\":\"GGTP\",\"value\":\"11.0\",\"unit\":\"U/L\",\"min\":\"0\",\"max\":\"73\"},{\"name\":\"Alkaline Phosphatase (ALP)\",\"value\":\"150.00\",\"unit\":\"U/L\",\"min\":\"30.00\",\"max\":\"120.00\"},{\"name\":\"Bilirubin Total\",\"value\":\"0.20\",\"unit\":\"mg/dL\",\"min\":\"0.30\",\"max\":\"1.20\"},{\"name\":\"Bilirubin Direct\",\"value\":\"0.10\",\"unit\":\"mg/dL\",\"min\":\"<0.3\"},{\"name\":\"Bilirubin Indirect\",\"value\":\"0.10\",\"unit\":\"mg/dL\",\"min\":\"<1.10\"},{\"name\":\"Total Protein\",\"value\":\"7.00\",\"unit\":\"g/dL\",\"min\":\"5.70\",\"max\":\"8.20\"},{\"name\":\"Albumin\",\"value\":\"4.00\",\"unit\":\"g/dL\",\"min\":\"3.20\",\"max\":\"4.80\"},{\"name\":\"A : G Ratio\",\"value\":\"1.33\",\"min\":\"0.90\",\"max\":\"2.00\"},{\"name\":\"Globulin\",\"value\":\"3.00\",\"unit\":\"gm/dL\",\"min\":\"2.00\",\"max\":\"3.50\"},{\"name\":\"Calcium, Total\",\"value\":\"8.00\",\"unit\":\"mg/dL\",\"min\":\"8.70\",\"max\":\"10.40\"}]},{\"title\":\"Lipid Screen Test\",\"summary\":\"Lipid profile shows normal cholesterol levels with slightly elevated triglycerides and low HDL cholesterol.\",\"tags\":[\"lipid\",\"cholesterol\",\"2023\"],\"type\":\"blood_results\",\"subtype\":\"lipid_screen\",\"language\":\"English\",\"test_date\":\"2023-05-14T11:03:00\",\"findings\":[{\"name\":\"Cholesterol, Total\",\"value\":\"105.00\",\"unit\":\"mg/dL\",\"min\":\"<200.00\"},{\"name\":\"Triglycerides\",\"value\":\"130.00\",\"unit\":\"mg/dL\",\"min\":\"<150.00\"},{\"name\":\"HDL Cholesterol\",\"value\":\"46.00\",\"unit\":\"mg/dL\",\"min\":\">40.00\"},{\"name\":\"LDL Cholesterol, Calculated\",\"value\":\"33.00\",\"unit\":\"mg/dL\",\"min\":\"<100.00\"},{\"name\":\"VLDL Cholesterol, Calculated\",\"value\":\"26.00\",\"unit\":\"mg/dL\",\"min\":\"<30.00\"},{\"name\":\"Non-HDL Cholesterol\",\"value\":\"59\",\"unit\":\"mg/dL\",\"min\":\"<130\"}]},{\"title\":\"HbA1c Test\",\"summary\":\"HbA1c result indicates well-controlled blood sugar levels in a non-diabetic adult.\",\"tags\":[\"HbA1c\",\"diabetes\",\"2023\"],\"type\":\"blood_results\",\"subtype\":\"hba1c\",\"language\":\"English\",\"test_date\":\"2023-05-14T11:03:00\",\"findings\":[{\"name\":\"HbA1c\",\"value\":\"5.3\",\"unit\":\"%\",\"min\":\"4.00\",\"max\":\"5.60\"},{\"name\":\"Estimated average glucose (eAG)\",\"value\":\"105\",\"unit\":\"mg/dL\"}]},{\"title\":\"Glucose Fasting and Thyroid Profile Test\",\"summary\":\"Fasting glucose is within normal range, and thyroid profile shows slightly elevated TSH levels.\",\"tags\":[\"glucose\",\"thyroid\",\"2023\"],\"type\":\"blood_results\",\"subtype\":\"glucose_thyroid\",\"language\":\"English\",\"test_date\":\"2023-05-14T11:03:00\",\"findings\":[{\"name\":\"Glucose Fasting\",\"value\":\"90.00\",\"unit\":\"mg/dL\",\"min\":\"70\",\"max\":\"100\"},{\"name\":\"T3, Total\",\"value\":\"2.00\",\"unit\":\"ng/mL\",\"min\":\"0.60\",\"max\":\"1.81\"},{\"name\":\"T4, Total\",\"value\":\"4.00\",\"unit\":\"µg/dL\",\"min\":\"5.01\",\"max\":\"12.45\"},{\"name\":\"TSH\",\"value\":\"4.00\",\"unit\":\"µIU/mL\",\"min\":\"0.550\",\"max\":\"4.780\"}]},{\"title\":\"Vitamin B12 and D Test\",\"summary\":\"Vitamin B12 levels are within normal range, while Vitamin D levels are slightly insufficient.\",\"tags\":[\"vitamin\",\"2023\"],\"type\":\"blood_results\",\"subtype\":\"vitamin_b12_d\",\"language\":\"English\",\"test_date\":\"2023-05-14T11:03:00\",\"findings\":[{\"name\":\"Vitamin B12\",\"value\":\"280.00\",\"unit\":\"pg/mL\",\"min\":\"211.00\",\"max\":\"911.00\"},{\"name\":\"Vitamin D, 25 - Hydroxy\",\"value\":\"85.00\",\"unit\":\"nmol/L\",\"min\":\"75.00\",\"max\":\"250.00\"}]}]","text":"# Test Report\n\n## COMPLETE BLOOD COUNT; CBC\n\n| Test Name                        | Results | Units      | Bio. Ref. Interval |\n|-----------------------------------|---------|------------|--------------------|\n| Hemoglobin (Photometry)           | 15.00   | g/dL       | 13.00 - 17.00      |\n| Packed Cell Volume (PCV)          | 45.00   | %          | 40.00 - 50.00      |\n| RBC Count (Electrical Impedence)  | 4.50    | mill/mm3   | 4.50 - 5.50        |\n| MCV (Electrical Impedence)        | 90.00   | fL         | 83.00 - 101.00     |\n| MCH (Calculated)                  | 32.00   | pg         | 27.00 - 32.00      |\n| MCHC (Calculated)                 | 33.00   | g/dL       | 31.50 - 34.50      |\n| Red Cell Distribution Width (RDW) | 14.00   | %          | 11.60 - 14.00      |\n| Total Leukocyte Count (TLC)       | 8.00    | thou/mm3   | 4.00 - 10.00       |\n| Segmented Neutrophils             | 60.00   | %          | 40.00 - 80.00      |\n| Lymphocytes                       | 30.00   | %          | 20.00 - 40.00      |\n| Monocytes                         | 5.00    | %          | 2.00 - 10.00       |\n| Eosinophils                       | 5.00    | %          | 1.00 - 6.00        |\n| Basophils                         | 0.00    | %          | <2.00              |\n| Platelet Count                    | 200     | thou/mm3   | 150.00 - 410.00    |\n| Mean Platelet Volume              | 10.0    | fL         | 6.5 - 12.0         |\n\n**Note:**\n1. As per the recommendation of International council for Standardization in Hematology, the differential leucocyte counts are additionally being reported as absolute numbers of each cell in per unit volume of blood.\n2. Test conducted on EDTA whole blood.\n\n---\n\n## LIVER & KIDNEY PANEL, SERUM\n\n| Test Name                        | Results | Units      | Bio. Ref. Interval |\n|-----------------------------------|---------|------------|--------------------|\n| Creatinine (Modified Jaffe,Kinetic) | 0.90   | mg/dL      | 0.70 - 1.30        |\n| GFR Estimated (CKD EPI Equation 2021) | 118   | mL/min/1.73m2 | >59             |\n| GFR Category (KDIGO Guideline 2012) | G1     |            |                    |\n| Urea (Urease UV)                  | 20.00   | mg/dL      | 13.00 - 43.00      |\n| Urea Nitrogen Blood (Calculated)  | 9.34    | mg/dL      | 6.00 - 20.00       |\n| BUN/Creatinine Ratio (Calculated) | 10      |            |                    |\n| Uric Acid (Uricase)               | 5.00    | mg/dL      | 3.50 - 7.20        |\n| AST (SGOT) (IFCC without P5P)     | 11.0    | U/L        | 15.00 - 40.00      |\n| ALT (SGPT) (IFCC without P5P)     | 21.0    | U/L        | 10.00 - 49.00      |\n| GGTP (IFCC)                       | 11.0    | U/L        | 0 - 73             |\n| Alkaline Phosphatase (ALP) (IFCC-AMP) | 150.00 | U/L      | 30.00 - 120.00     |\n| Bilirubin Total (Oxidation)       | 0.20    | mg/dL      | 0.30 - 1.20        |\n| Bilirubin Direct (Oxidation)      | 0.10    | mg/dL      | <0.3               |\n| Bilirubin Indirect (Calculated)   | 0.10    | mg/dL      | <1.10              |\n| Total Protein (Biuret)            | 7.00    | g/dL       | 5.70 - 8.20        |\n| Albumin (BCG)                     | 4.00    | g/dL       | 3.20 - 4.80        |\n| A : G Ratio (Calculated)          | 1.33    |            | 0.90 - 2.00        |\n| Globulin (Calculated)             | 3.00    | gm/dL      | 2.0 - 3.5          |\n| Calcium, Total (Arsenazo III)     | 8.00    | mg/dL      | 8.70 - 10.40       |\n\n---\n\n## LIPID SCREEN, SERUM\n\n| Test Name                        | Results | Units      | Bio. Ref. Interval |\n|-----------------------------------|---------|------------|--------------------|\n| Cholesterol, Total (CHO-POD)      | 105.00  | mg/dL      | <200.00            |\n| Triglycerides (GPO-POD)           | 130.00  | mg/dL      | <150.00            |\n| HDL Cholesterol (Enzymatic Immunoinhibition) | 46.00 | mg/dL | >40.00            |\n| LDL Cholesterol, Calculated       | 33.00   | mg/dL      | <100.00            |\n| VLDL Cholesterol, Calculated      | 26.00   | mg/dL      | <30.00             |\n| Non-HDL Cholesterol, Calculated   | 59      | mg/dL      | <130               |\n\n**Note:**\n1. Measurements in the same patient can show physiological & analytical variations. Three serial samples 1 week apart are recommended for Total Cholesterol, Triglycerides, HDL & LDL Cholesterol.\n2. Friedewald equation to calculate LDL cholesterol is most accurate when Triglyceride level is < 400 mg/dL. Measurement of Direct LDL cholesterol is recommended when Triglyceride level is > 400 mg/dL.\n3. Lipid Association of India (LAI) recommends screening of all adults above the age of 20 years for lipid disorders.\n\n---\n\n## HbA1c (GLYCOSYLATED HEMOGLOBIN), BLOOD\n\n| Test Name                        | Results | Units      | Bio. Ref. Interval |\n|-----------------------------------|---------|------------|--------------------|\n| HbA1c (HPLC, NGSP certified)      | 5.3     | %          | 4.00 - 5.60        |\n| Estimated average glucose (eAG)   | 105     | mg/dL      |                    |\n\n**Interpretation:**\nHbA1c result is suggestive of non diabetic adults (>=18 years)/ well controlled Diabetes in a known Diabetic.\n\n---\n\n## GLUCOSE, FASTING (F), PLASMA\n\n| Test Name                        | Results | Units      | Bio. Ref. Interval |\n|-----------------------------------|---------|------------|--------------------|\n| Glucose Fasting (GOD POD)         | 90.00   | mg/dL      | 70 - 100           |\n\n---\n\n## THYROID PROFILE, TOTAL, SERUM\n\n| Test Name                        | Results | Units      | Bio. Ref. Interval |\n|-----------------------------------|---------|------------|--------------------|\n| T3, Total (CLIA)                  | 2.00    | ng/mL      | 0.60 - 1.81        |\n| T4, Total (CLIA)                  | 4.00    | µg/dL      | 5.01 - 12.45       |\n| TSH (CLIA)                        | 4.00    | µIU/mL     | 0.550 - 4.780      |\n\n**Note:**\n1. TSH levels are subject to circadian variation, reaching peak levels between 2 - 4.a.m. and at a minimum between 6-10 pm. The variation is of the order of 50%. Hence time of the day has influence on the measured serum TSH concentrations.\n2. Alteration in concentration of Thyroid hormone binding protein can profoundly affect Total T3 and/or Total T4 levels especially in pregnancy and in patients on steroid therapy.\n3. Unbound fraction (Free,T4 /Free,T3) of thyroid hormone is biologically active form and correlate more closely with clinical status of the patient than total T4/T3 concentration.\n4. Values <0.03 uIU/mL need to be clinically correlated due to presence of a rare TSH variant in some individuals.\n\n---\n\n## VITAMIN B12; CYANOCOBALAMIN, SERUM\n\n| Test Name                        | Results | Units      | Bio. Ref. Interval |\n|-----------------------------------|---------|------------|--------------------|\n| Vitamin B12 (CLIA)                | 280.00  | pg/mL      | 211.00 - 911.00    |\n\n**Notes:**\n1. Interpretation of the result should be considered in relation to clinical circumstances.\n2. It is recommended to consider supplementary testing with plasma Methylmalonic acid (MMA) or plasma homocysteine levels to determine biochemical cobalamin deficiency in presence of clinical suspicion of deficiency but indeterminate levels. Homocysteine levels are more sensitive but MMA is more specific.\n3. False increase in Vitamin B12 levels may be observed in patients with intrinsic factor blocking antibodies, MMA measurement should be considered in such patients.\n4. The concentration of Vitamin B12 obtained with different assay methods cannot be used interchangeably due to differences in assay methods and reagent specificity.\n\n---\n\n## VITAMIN D, 25 - HYDROXY, SERUM\n\n| Test Name                        | Results | Units      | Bio. Ref. Interval |\n|-----------------------------------|---------|------------|--------------------|\n| Vitamin D, 25 - Hydroxy (CLIA)    | 85.00   | nmol/L     | 75.00 - 250.00     |\n\n**Interpretation:**\n- Deficient: < 50 nmol/L (High risk for developing bone disease)\n- Insufficient: 50-74 nmol/L (Vitamin D concentration which normalizes Parathyroid hormone concentration)\n- Sufficient: 75-250 nmol/L (Optimal concentration for maximal health benefit)\n- Potential intoxication: >250 nmol/L (High risk for toxic effects)\n\n**Note:**\n- The assay measures both D2 (Ergocalciferol) and D3 (Cholecalciferol) metabolites of vitamin D.\n- 25 (OH)D is influenced by sunlight, latitude, skin pigmentation, sunscreen use and hepatic function.\n- Optimal calcium absorption requires vitamin D 25 (OH) levels exceeding 75 nmol/L.\n\n---\n\n## Comments on Vitamin D\n\n- Vitamin D promotes absorption of calcium and phosphorus and mineralization of bones and teeth. Deficiency in children causes Rickets and in adults leads to Osteomalacia. It can also lead to Hypocalcemia and Tetany. Vitamin D status is best determined by measurement of 25 hydroxy vitamin D, as it is the major circulating form and has longer half life (2-3 weeks) than 1,25 Dihydroxy vitamin D (5-8 hrs).\n  \n**Decreased Levels:**\n- Inadequate exposure to sunlight\n- Dietary deficiency\n- Vitamin D malabsorption\n- Severe Hepatocellular disease\n- Drugs like Anticonvulsants\n- Nephrotic syndrome\n\n**Increased levels:**\n- Vitamin D intoxication","extra":"null","transcription":"","createdAt":"2024-09-10 12:15:59","updatedAt":"2024-09-10 12:15:59","eventDate":"2023-05-14 11:03:00","checksum":"record-279268f93eabdb3dc13b5996de397f4e4955476ea5a5a293df7f392427941706-","checksumLastParsed":"record-279268f93eabdb3dc13b5996de397f4e4955476ea5a5a293df7f392427941706-","attachments":"[{\"id\":14,\"assignedTo\":\"[]\",\"displayName\":\"Extended blood results.pdf\",\"description\":\"\",\"mimeType\":\"application/pdf\",\"type\":\"\",\"json\":\"\",\"extra\":\"\",\"size\":704735,\"storageKey\":\"b1d3398e-626b-4760-b799-326addf300a1\",\"filePath\":\"2023-05-14 11-03-00 - Complete Blood Count (CBC) Test/Extended blood results-14.pdf\",\"createdAt\":\"2024-09-10 12:09:03\",\"updatedAt\":\"2024-09-10 12:09:03\"}]"}]